video_name,label
_dI--eQ6qVU_1,2
_dI--eQ6qVU_2,3
_dI--eQ6qVU_3,0
_dI--eQ6qVU_4,3
_dI--eQ6qVU_5,3
_dI--eQ6qVU_6,3
_dI--eQ6qVU_7,2
_dI--eQ6qVU_8,3
_dI--eQ6qVU_9,1
_dI--eQ6qVU_10,1
_dI--eQ6qVU_11,0
_dI--eQ6qVU_12,3
_dI--eQ6qVU_13,3
_dI--eQ6qVU_14,2
_dI--eQ6qVU_15,2
_dI--eQ6qVU_16,1
_dI--eQ6qVU_17,0
_dI--eQ6qVU_18,1
_dI--eQ6qVU_19,1
_dI--eQ6qVU_20,0
_dI--eQ6qVU_21,2
_dI--eQ6qVU_22,2
_dI--eQ6qVU_23,0
_dI--eQ6qVU_24,1
_dI--eQ6qVU_25,3
_dI--eQ6qVU_26,-1
_dI--eQ6qVU_27,0
_dI--eQ6qVU_28,0
0h-zjBukYpk_1,0
0h-zjBukYpk_2,-3
0h-zjBukYpk_3,0
0h-zjBukYpk_4,-1
0h-zjBukYpk_5,1
0h-zjBukYpk_6,-1
0h-zjBukYpk_7,2
0h-zjBukYpk_8,1
0h-zjBukYpk_9,-1
0h-zjBukYpk_10,-1
0h-zjBukYpk_11,0
0h-zjBukYpk_12,-1
0h-zjBukYpk_13,1
0h-zjBukYpk_14,1
0h-zjBukYpk_15,0
0h-zjBukYpk_16,1
0h-zjBukYpk_17,0
0h-zjBukYpk_18,-2
0h-zjBukYpk_19,0
0h-zjBukYpk_20,1
0h-zjBukYpk_21,2
0h-zjBukYpk_22,2
0h-zjBukYpk_23,3
0h-zjBukYpk_24,3
0h-zjBukYpk_25,2
1DmNV9C1hbY_1,-2
1DmNV9C1hbY_2,2
1DmNV9C1hbY_3,1
1DmNV9C1hbY_4,2
1DmNV9C1hbY_5,-2
1DmNV9C1hbY_6,-2
1DmNV9C1hbY_7,-2
1DmNV9C1hbY_8,-2
1DmNV9C1hbY_9,2
1DmNV9C1hbY_10,3
1DmNV9C1hbY_11,-2
1DmNV9C1hbY_12,0
1DmNV9C1hbY_13,-1
1DmNV9C1hbY_14,-2
1iG0909rllw_1,0
1iG0909rllw_2,-2
1iG0909rllw_3,2
1iG0909rllw_4,-1
1iG0909rllw_5,2
1iG0909rllw_6,2
1iG0909rllw_7,-1
1iG0909rllw_8,-2
1iG0909rllw_9,0
1iG0909rllw_10,1
1iG0909rllw_11,2
1iG0909rllw_12,2
1iG0909rllw_13,1
1iG0909rllw_14,0
1iG0909rllw_15,-1
1iG0909rllw_16,-1
1iG0909rllw_17,-1
1iG0909rllw_18,-2
1iG0909rllw_19,-1
1iG0909rllw_20,0
1iG0909rllw_21,0
1iG0909rllw_22,0
1iG0909rllw_23,2
1iG0909rllw_24,-1
1iG0909rllw_25,2
1iG0909rllw_26,-1
1iG0909rllw_27,2
1iG0909rllw_28,1
1iG0909rllw_29,-1
1iG0909rllw_30,-2
2iD-tVS8NPw_1,0
2iD-tVS8NPw_2,2
2iD-tVS8NPw_3,1
2iD-tVS8NPw_4,2
2iD-tVS8NPw_5,2
2iD-tVS8NPw_6,2
2iD-tVS8NPw_7,2
2iD-tVS8NPw_8,2
2iD-tVS8NPw_9,1
2iD-tVS8NPw_10,2
2iD-tVS8NPw_11,0
2iD-tVS8NPw_12,1
2iD-tVS8NPw_13,2
2iD-tVS8NPw_14,-1
2iD-tVS8NPw_15,-2
2iD-tVS8NPw_16,-2
2iD-tVS8NPw_17,-1
2iD-tVS8NPw_18,0
2iD-tVS8NPw_19,0
2iD-tVS8NPw_20,1
2iD-tVS8NPw_21,1
2iD-tVS8NPw_22,2
2iD-tVS8NPw_23,0
2iD-tVS8NPw_24,-1
2iD-tVS8NPw_25,-1
2iD-tVS8NPw_26,0
2iD-tVS8NPw_27,1
2iD-tVS8NPw_28,2
2iD-tVS8NPw_29,2
2iD-tVS8NPw_30,0
2WGyTLYerpo_1,2
2WGyTLYerpo_2,0
2WGyTLYerpo_3,0
2WGyTLYerpo_4,0
2WGyTLYerpo_5,0
2WGyTLYerpo_6,2
2WGyTLYerpo_7,2
2WGyTLYerpo_8,2
2WGyTLYerpo_9,0
2WGyTLYerpo_10,1
2WGyTLYerpo_11,2
2WGyTLYerpo_12,1
2WGyTLYerpo_13,2
2WGyTLYerpo_14,0
2WGyTLYerpo_15,0
2WGyTLYerpo_16,2
2WGyTLYerpo_17,3
2WGyTLYerpo_18,2
2WGyTLYerpo_19,1
2WGyTLYerpo_20,1
2WGyTLYerpo_21,1
2WGyTLYerpo_22,-1
2WGyTLYerpo_23,0
2WGyTLYerpo_24,2
2WGyTLYerpo_25,2
2WGyTLYerpo_26,2
2WGyTLYerpo_27,2
2WGyTLYerpo_28,2
2WGyTLYerpo_29,1
2WGyTLYerpo_30,0
2WGyTLYerpo_31,2
2WGyTLYerpo_32,2
2WGyTLYerpo_33,1
2WGyTLYerpo_34,1
2WGyTLYerpo_35,2
2WGyTLYerpo_36,1
2WGyTLYerpo_37,1
2WGyTLYerpo_38,1
2WGyTLYerpo_39,-1
2WGyTLYerpo_40,1
2WGyTLYerpo_41,1
2WGyTLYerpo_42,0
2WGyTLYerpo_43,2
2WGyTLYerpo_44,0
2WGyTLYerpo_45,0
2WGyTLYerpo_46,1
2WGyTLYerpo_47,0
2WGyTLYerpo_48,-1
2WGyTLYerpo_49,-1
2WGyTLYerpo_50,-2
2WGyTLYerpo_51,-1
2WGyTLYerpo_52,0
2WGyTLYerpo_53,-1
2WGyTLYerpo_54,-2
2WGyTLYerpo_55,-1
2WGyTLYerpo_56,0
2WGyTLYerpo_57,-2
2WGyTLYerpo_58,-1
2WGyTLYerpo_59,2
2WGyTLYerpo_60,2
2WGyTLYerpo_61,1
2WGyTLYerpo_62,2
2WGyTLYerpo_63,2
03bSnISJMiM_1,2
03bSnISJMiM_2,-1
03bSnISJMiM_3,-1
03bSnISJMiM_4,-2
03bSnISJMiM_5,0
03bSnISJMiM_6,0
03bSnISJMiM_7,1
03bSnISJMiM_8,0
03bSnISJMiM_9,0
03bSnISJMiM_10,-1
03bSnISJMiM_11,0
03bSnISJMiM_12,2
03bSnISJMiM_13,2
5W7Z1C_fDaE_1,2
5W7Z1C_fDaE_2,1
5W7Z1C_fDaE_3,1
5W7Z1C_fDaE_4,0
5W7Z1C_fDaE_5,2
5W7Z1C_fDaE_6,0
5W7Z1C_fDaE_7,2
5W7Z1C_fDaE_8,3
5W7Z1C_fDaE_9,2
5W7Z1C_fDaE_10,0
5W7Z1C_fDaE_11,3
5W7Z1C_fDaE_12,1
5W7Z1C_fDaE_13,3
5W7Z1C_fDaE_14,2
5W7Z1C_fDaE_15,0
5W7Z1C_fDaE_16,-2
5W7Z1C_fDaE_17,0
5W7Z1C_fDaE_18,1
5W7Z1C_fDaE_19,3
5W7Z1C_fDaE_20,3
5W7Z1C_fDaE_21,2
5W7Z1C_fDaE_22,2
5W7Z1C_fDaE_23,2
5W7Z1C_fDaE_24,2
6_0THN4chvY_1,2
6_0THN4chvY_2,1
6_0THN4chvY_3,2
6_0THN4chvY_4,2
6_0THN4chvY_5,0
6_0THN4chvY_6,2
6_0THN4chvY_7,1
6_0THN4chvY_8,2
6_0THN4chvY_9,-1
6_0THN4chvY_10,0
6_0THN4chvY_11,0
6_0THN4chvY_12,2
6_0THN4chvY_13,2
6_0THN4chvY_14,2
6Egk_28TtTM_1,3
6Egk_28TtTM_2,2
6Egk_28TtTM_3,2
6Egk_28TtTM_4,3
6Egk_28TtTM_5,2
6Egk_28TtTM_6,2
6Egk_28TtTM_7,2
6Egk_28TtTM_8,1
6Egk_28TtTM_9,0
6Egk_28TtTM_10,1
6Egk_28TtTM_11,-1
6Egk_28TtTM_12,2
7JsX8y1ysxY_1,2
7JsX8y1ysxY_2,2
7JsX8y1ysxY_3,-3
7JsX8y1ysxY_4,1
7JsX8y1ysxY_5,1
7JsX8y1ysxY_6,2
7JsX8y1ysxY_7,-2
7JsX8y1ysxY_8,-1
7JsX8y1ysxY_9,2
7JsX8y1ysxY_10,2
7JsX8y1ysxY_11,-1
7JsX8y1ysxY_12,1
7JsX8y1ysxY_13,-2
7JsX8y1ysxY_14,-2
7JsX8y1ysxY_15,0
7JsX8y1ysxY_16,2
7JsX8y1ysxY_17,1
7JsX8y1ysxY_18,0
7JsX8y1ysxY_19,0
7JsX8y1ysxY_20,1
7JsX8y1ysxY_21,2
7JsX8y1ysxY_22,3
7JsX8y1ysxY_23,2
7JsX8y1ysxY_24,2
7JsX8y1ysxY_25,3
7JsX8y1ysxY_26,2
7JsX8y1ysxY_27,2
7JsX8y1ysxY_28,-1
7JsX8y1ysxY_29,-2
7JsX8y1ysxY_30,2
7JsX8y1ysxY_31,2
7JsX8y1ysxY_32,1
7JsX8y1ysxY_33,1
7JsX8y1ysxY_34,-1
7JsX8y1ysxY_35,-1
7JsX8y1ysxY_36,-2
7JsX8y1ysxY_37,-2
7JsX8y1ysxY_38,-2
7JsX8y1ysxY_39,2
8d-gEyoeBzc_1,1
8d-gEyoeBzc_2,-1
8d-gEyoeBzc_3,0
8d-gEyoeBzc_4,0
8d-gEyoeBzc_5,-2
8d-gEyoeBzc_6,-2
8d-gEyoeBzc_7,0
8d-gEyoeBzc_8,1
8d-gEyoeBzc_9,1
8d-gEyoeBzc_10,1
8d-gEyoeBzc_11,2
8d-gEyoeBzc_12,2
8d-gEyoeBzc_13,1
8d-gEyoeBzc_14,0
8d-gEyoeBzc_15,1
8d-gEyoeBzc_16,1
8d-gEyoeBzc_17,1
8d-gEyoeBzc_18,1
8d-gEyoeBzc_19,2
8d-gEyoeBzc_20,1
8d-gEyoeBzc_21,-2
8d-gEyoeBzc_22,-1
8d-gEyoeBzc_23,0
8d-gEyoeBzc_24,-1
8d-gEyoeBzc_25,2
8d-gEyoeBzc_26,1
8d-gEyoeBzc_27,-1
8d-gEyoeBzc_28,-1
8d-gEyoeBzc_29,-1
8d-gEyoeBzc_30,-1
8OtFthrtaJM_1,0
8OtFthrtaJM_2,-1
8OtFthrtaJM_3,-2
8OtFthrtaJM_4,-2
8OtFthrtaJM_5,0
8OtFthrtaJM_6,-3
8OtFthrtaJM_7,-1
8OtFthrtaJM_8,0
8OtFthrtaJM_9,0
8OtFthrtaJM_10,1
8OtFthrtaJM_11,0
8OtFthrtaJM_12,-1
8OtFthrtaJM_13,-2
8OtFthrtaJM_14,-1
8OtFthrtaJM_15,0
8OtFthrtaJM_16,1
8OtFthrtaJM_17,1
8OtFthrtaJM_18,1
8OtFthrtaJM_19,-2
8OtFthrtaJM_20,-2
8OtFthrtaJM_21,-2
8OtFthrtaJM_22,2
8OtFthrtaJM_23,-1
8qrpnFRGt2A_1,-1
8qrpnFRGt2A_2,0
8qrpnFRGt2A_3,-2
8qrpnFRGt2A_4,-1
8qrpnFRGt2A_5,-1
8qrpnFRGt2A_6,-3
8qrpnFRGt2A_7,-2
8qrpnFRGt2A_8,-1
8qrpnFRGt2A_9,-1
8qrpnFRGt2A_10,-2
8qrpnFRGt2A_11,-1
8qrpnFRGt2A_12,-2
8qrpnFRGt2A_13,0
8qrpnFRGt2A_14,-2
8qrpnFRGt2A_15,-2
8qrpnFRGt2A_16,-1
8qrpnFRGt2A_17,-1
8qrpnFRGt2A_18,1
8qrpnFRGt2A_19,1
8qrpnFRGt2A_20,-1
8qrpnFRGt2A_21,-2
8qrpnFRGt2A_22,-1
8qrpnFRGt2A_23,0
8qrpnFRGt2A_24,0
8qrpnFRGt2A_25,0
8qrpnFRGt2A_26,-1
9c67fiY0wGQ_1,0
9c67fiY0wGQ_2,2
9c67fiY0wGQ_3,2
9c67fiY0wGQ_4,2
9c67fiY0wGQ_5,2
9c67fiY0wGQ_6,2
9c67fiY0wGQ_7,2
9c67fiY0wGQ_8,2
9c67fiY0wGQ_9,2
9c67fiY0wGQ_10,2
9c67fiY0wGQ_11,2
9c67fiY0wGQ_12,2
9J25DZhivz8_1,2
9J25DZhivz8_2,2
9J25DZhivz8_3,2
9J25DZhivz8_4,3
9J25DZhivz8_5,2
9J25DZhivz8_6,3
9J25DZhivz8_7,2
9J25DZhivz8_8,2
9J25DZhivz8_9,3
9J25DZhivz8_10,2
9J25DZhivz8_11,1
9J25DZhivz8_12,0
9J25DZhivz8_13,0
9J25DZhivz8_14,2
9J25DZhivz8_15,1
9J25DZhivz8_16,2
9J25DZhivz8_17,0
9J25DZhivz8_18,1
9J25DZhivz8_19,1
9J25DZhivz8_20,2
9J25DZhivz8_21,1
9J25DZhivz8_22,-1
9J25DZhivz8_23,1
9J25DZhivz8_24,1
9J25DZhivz8_25,2
9qR7uwkblbs_1,-1
9qR7uwkblbs_2,3
9qR7uwkblbs_3,1
9qR7uwkblbs_4,3
9qR7uwkblbs_5,1
9qR7uwkblbs_6,-2
9qR7uwkblbs_7,2
9qR7uwkblbs_8,1
9qR7uwkblbs_9,-1
9qR7uwkblbs_10,2
9qR7uwkblbs_11,1
9qR7uwkblbs_12,-1
9qR7uwkblbs_13,-2
9qR7uwkblbs_14,-2
9qR7uwkblbs_15,-1
9qR7uwkblbs_16,0
9qR7uwkblbs_17,0
9qR7uwkblbs_18,0
9qR7uwkblbs_19,0
9qR7uwkblbs_20,0
9qR7uwkblbs_21,-2
9qR7uwkblbs_22,0
9qR7uwkblbs_23,-1
9qR7uwkblbs_24,-1
9qR7uwkblbs_25,2
9qR7uwkblbs_26,-1
9qR7uwkblbs_27,0
9qR7uwkblbs_28,-1
9qR7uwkblbs_29,-1
9qR7uwkblbs_30,0
9qR7uwkblbs_31,0
9qR7uwkblbs_32,2
9qR7uwkblbs_33,0
9T9Hf74oK10_1,0
9T9Hf74oK10_2,2
9T9Hf74oK10_3,0
9T9Hf74oK10_4,-1
9T9Hf74oK10_5,-2
9T9Hf74oK10_6,1
9T9Hf74oK10_7,-1
9T9Hf74oK10_8,-2
9T9Hf74oK10_9,2
9T9Hf74oK10_10,-1
9T9Hf74oK10_11,0
9T9Hf74oK10_12,2
9T9Hf74oK10_13,3
9T9Hf74oK10_14,2
9T9Hf74oK10_15,0
9T9Hf74oK10_16,3
9T9Hf74oK10_17,0
9T9Hf74oK10_18,1
9T9Hf74oK10_19,1
9T9Hf74oK10_20,-1
9T9Hf74oK10_21,0
9T9Hf74oK10_22,0
9T9Hf74oK10_23,0
9T9Hf74oK10_24,-1
9T9Hf74oK10_25,-1
73jzhE8R1TQ_1,1
73jzhE8R1TQ_2,-1
73jzhE8R1TQ_3,-1
73jzhE8R1TQ_4,2
73jzhE8R1TQ_5,-1
73jzhE8R1TQ_6,2
73jzhE8R1TQ_7,1
73jzhE8R1TQ_8,2
73jzhE8R1TQ_9,0
73jzhE8R1TQ_10,1
73jzhE8R1TQ_11,-1
73jzhE8R1TQ_12,-1
73jzhE8R1TQ_13,-1
73jzhE8R1TQ_14,0
73jzhE8R1TQ_15,-2
73jzhE8R1TQ_16,0
73jzhE8R1TQ_17,0
73jzhE8R1TQ_18,-2
73jzhE8R1TQ_19,-1
Af8D0E4ZXaw_1,-1
Af8D0E4ZXaw_2,1
Af8D0E4ZXaw_3,0
Af8D0E4ZXaw_4,0
Af8D0E4ZXaw_5,0
Af8D0E4ZXaw_6,-2
Af8D0E4ZXaw_7,-2
Af8D0E4ZXaw_8,-1
Af8D0E4ZXaw_9,-1
Af8D0E4ZXaw_10,-1
Af8D0E4ZXaw_11,0
Af8D0E4ZXaw_12,1
Af8D0E4ZXaw_13,2
Af8D0E4ZXaw_14,2
Af8D0E4ZXaw_15,2
Af8D0E4ZXaw_16,2
Af8D0E4ZXaw_17,1
Af8D0E4ZXaw_18,2
Af8D0E4ZXaw_19,2
Af8D0E4ZXaw_20,2
Af8D0E4ZXaw_21,-1
Af8D0E4ZXaw_22,-2
Af8D0E4ZXaw_23,-1
Af8D0E4ZXaw_24,-2
Af8D0E4ZXaw_25,-3
Af8D0E4ZXaw_26,-2
Af8D0E4ZXaw_27,-2
Af8D0E4ZXaw_28,0
Af8D0E4ZXaw_29,0
Af8D0E4ZXaw_30,-1
Af8D0E4ZXaw_31,0
aiEXnCPZubE_1,-2
aiEXnCPZubE_2,-1
aiEXnCPZubE_3,-1
aiEXnCPZubE_4,-2
aiEXnCPZubE_5,0
aiEXnCPZubE_6,3
aiEXnCPZubE_7,2
aiEXnCPZubE_8,-2
aiEXnCPZubE_9,0
aiEXnCPZubE_10,0
aiEXnCPZubE_11,1
aiEXnCPZubE_12,0
aiEXnCPZubE_13,-2
aiEXnCPZubE_14,-3
aiEXnCPZubE_15,-3
aiEXnCPZubE_16,0
aiEXnCPZubE_17,-2
aiEXnCPZubE_18,0
aiEXnCPZubE_19,0
aiEXnCPZubE_20,-2
aiEXnCPZubE_21,-2
aiEXnCPZubE_22,2
aiEXnCPZubE_23,1
aiEXnCPZubE_24,-1
aiEXnCPZubE_25,2
aiEXnCPZubE_26,3
aiEXnCPZubE_27,3
aiEXnCPZubE_28,1
aiEXnCPZubE_29,3
aiEXnCPZubE_30,3
atnd_PF-Lbs_1,-3
atnd_PF-Lbs_2,-3
atnd_PF-Lbs_3,-1
atnd_PF-Lbs_4,-2
atnd_PF-Lbs_5,-3
atnd_PF-Lbs_6,0
atnd_PF-Lbs_7,-3
atnd_PF-Lbs_8,0
atnd_PF-Lbs_9,-3
atnd_PF-Lbs_10,-2
atnd_PF-Lbs_11,0
atnd_PF-Lbs_12,-2
atnd_PF-Lbs_13,-2
atnd_PF-Lbs_14,0
atnd_PF-Lbs_15,0
atnd_PF-Lbs_16,2
atnd_PF-Lbs_17,1
atnd_PF-Lbs_18,-1
atnd_PF-Lbs_19,0
atnd_PF-Lbs_20,0
atnd_PF-Lbs_21,2
Bfr499ggo-0_1,-2
Bfr499ggo-0_2,-1
Bfr499ggo-0_3,2
Bfr499ggo-0_4,-1
Bfr499ggo-0_5,-2
Bfr499ggo-0_6,-1
Bfr499ggo-0_7,-1
Bfr499ggo-0_8,-1
Bfr499ggo-0_9,0
Bfr499ggo-0_10,1
Bfr499ggo-0_11,-1
Bfr499ggo-0_12,-1
Bfr499ggo-0_13,-2
Bfr499ggo-0_14,0
Bfr499ggo-0_15,-1
Bfr499ggo-0_16,2
Bfr499ggo-0_17,1
Bfr499ggo-0_18,1
Bfr499ggo-0_19,-2
Bfr499ggo-0_20,-2
Bfr499ggo-0_21,-2
Bfr499ggo-0_22,1
BI97DNYfe5I_1,2
BI97DNYfe5I_2,-1
BI97DNYfe5I_3,0
BI97DNYfe5I_4,1
BI97DNYfe5I_5,1
BI97DNYfe5I_6,1
BI97DNYfe5I_7,-1
BI97DNYfe5I_8,0
BI97DNYfe5I_9,1
BI97DNYfe5I_10,3
BI97DNYfe5I_11,2
BI97DNYfe5I_12,2
BI97DNYfe5I_13,1
BI97DNYfe5I_14,2
BI97DNYfe5I_15,2
BI97DNYfe5I_16,1
BI97DNYfe5I_17,2
BI97DNYfe5I_18,2
BI97DNYfe5I_19,2
BI97DNYfe5I_20,0
BI97DNYfe5I_21,1
BI97DNYfe5I_22,2
BI97DNYfe5I_23,2
BI97DNYfe5I_24,1
BI97DNYfe5I_25,1
BI97DNYfe5I_26,1
BI97DNYfe5I_27,-1
BI97DNYfe5I_28,1
BI97DNYfe5I_29,0
BI97DNYfe5I_30,1
BI97DNYfe5I_31,1
BioHAh1qJAQ_1,1
BioHAh1qJAQ_2,2
BioHAh1qJAQ_3,0
BioHAh1qJAQ_4,0
BioHAh1qJAQ_5,1
BioHAh1qJAQ_6,-2
BioHAh1qJAQ_7,3
BioHAh1qJAQ_8,2
BioHAh1qJAQ_9,2
BioHAh1qJAQ_10,1
BioHAh1qJAQ_11,0
BioHAh1qJAQ_12,1
BioHAh1qJAQ_13,1
BioHAh1qJAQ_14,3
BioHAh1qJAQ_15,0
BioHAh1qJAQ_16,0
BioHAh1qJAQ_17,2
BioHAh1qJAQ_18,2
BioHAh1qJAQ_19,2
BioHAh1qJAQ_20,-1
BioHAh1qJAQ_21,-1
BioHAh1qJAQ_22,-2
BioHAh1qJAQ_23,-2
BioHAh1qJAQ_24,-1
BioHAh1qJAQ_25,-2
BioHAh1qJAQ_26,1
BioHAh1qJAQ_27,0
BioHAh1qJAQ_28,-2
BioHAh1qJAQ_29,0
BioHAh1qJAQ_30,-2
bOL9jKpeJRs_1,3
bOL9jKpeJRs_2,2
bOL9jKpeJRs_3,2
bOL9jKpeJRs_4,2
bOL9jKpeJRs_5,1
bOL9jKpeJRs_6,2
bOL9jKpeJRs_7,0
bOL9jKpeJRs_8,0
bOL9jKpeJRs_9,1
bOL9jKpeJRs_10,1
bOL9jKpeJRs_11,2
bOL9jKpeJRs_12,1
bOL9jKpeJRs_13,2
bOL9jKpeJRs_14,2
bOL9jKpeJRs_15,3
bOL9jKpeJRs_16,2
bOL9jKpeJRs_17,2
bOL9jKpeJRs_18,3
bOL9jKpeJRs_19,2
bOL9jKpeJRs_20,2
bOL9jKpeJRs_21,-1
bOL9jKpeJRs_22,2
bOL9jKpeJRs_23,-1
bOL9jKpeJRs_24,-1
bOL9jKpeJRs_25,-1
bOL9jKpeJRs_26,1
bOL9jKpeJRs_27,0
bOL9jKpeJRs_28,0
bOL9jKpeJRs_29,0
bOL9jKpeJRs_30,0
bOL9jKpeJRs_31,0
bOL9jKpeJRs_32,1
bOL9jKpeJRs_33,2
bOL9jKpeJRs_34,3
bvLlb-M3UXU_1,0
bvLlb-M3UXU_2,-2
bvLlb-M3UXU_3,-2
bvLlb-M3UXU_4,2
bvLlb-M3UXU_5,-1
bvLlb-M3UXU_6,0
bvLlb-M3UXU_7,-1
bvLlb-M3UXU_8,0
bvLlb-M3UXU_9,0
bvLlb-M3UXU_10,2
bvLlb-M3UXU_11,0
bvLlb-M3UXU_12,1
bvLlb-M3UXU_13,-1
bvLlb-M3UXU_14,1
bvLlb-M3UXU_15,2
bvLlb-M3UXU_16,-2
bvLlb-M3UXU_17,1
bvLlb-M3UXU_18,-1
bvLlb-M3UXU_19,1
bvLlb-M3UXU_20,-1
bvLlb-M3UXU_21,-1
bvLlb-M3UXU_22,-2
bvLlb-M3UXU_23,1
bvLlb-M3UXU_24,-1
bvLlb-M3UXU_25,-1
BvYR0L6f2Ig_1,2
BvYR0L6f2Ig_2,2
BvYR0L6f2Ig_3,0
BvYR0L6f2Ig_4,-1
BvYR0L6f2Ig_5,0
BvYR0L6f2Ig_6,-1
BvYR0L6f2Ig_7,1
BvYR0L6f2Ig_8,1
BvYR0L6f2Ig_9,2
BvYR0L6f2Ig_10,-2
BvYR0L6f2Ig_11,1
BvYR0L6f2Ig_12,0
BvYR0L6f2Ig_13,-1
BvYR0L6f2Ig_14,-2
BvYR0L6f2Ig_15,-1
BvYR0L6f2Ig_16,2
BvYR0L6f2Ig_17,2
BvYR0L6f2Ig_18,0
BvYR0L6f2Ig_19,2
BvYR0L6f2Ig_20,3
BvYR0L6f2Ig_21,2
BvYR0L6f2Ig_22,-1
BvYR0L6f2Ig_23,2
BvYR0L6f2Ig_24,2
BvYR0L6f2Ig_25,2
BvYR0L6f2Ig_26,1
BXuRRbG0Ugk_1,-1
BXuRRbG0Ugk_2,1
BXuRRbG0Ugk_3,0
BXuRRbG0Ugk_4,0
BXuRRbG0Ugk_5,0
BXuRRbG0Ugk_6,1
BXuRRbG0Ugk_7,0
BXuRRbG0Ugk_8,2
BXuRRbG0Ugk_9,-1
BXuRRbG0Ugk_10,2
BXuRRbG0Ugk_11,-2
BXuRRbG0Ugk_12,1
BXuRRbG0Ugk_13,1
BXuRRbG0Ugk_14,-2
BXuRRbG0Ugk_15,-1
BXuRRbG0Ugk_16,0
BXuRRbG0Ugk_17,-2
BXuRRbG0Ugk_18,-1
BXuRRbG0Ugk_19,0
BXuRRbG0Ugk_20,0
BXuRRbG0Ugk_21,2
BXuRRbG0Ugk_22,0
BXuRRbG0Ugk_23,1
BXuRRbG0Ugk_24,2
BXuRRbG0Ugk_25,1
BXuRRbG0Ugk_26,2
BXuRRbG0Ugk_27,0
BXuRRbG0Ugk_28,2
BXuRRbG0Ugk_29,2
BXuRRbG0Ugk_30,-2
BXuRRbG0Ugk_31,0
c5xsKMxpXnc_1,-1
c5xsKMxpXnc_2,-3
c5xsKMxpXnc_3,-2
c5xsKMxpXnc_4,2
c5xsKMxpXnc_5,-2
c5xsKMxpXnc_6,-2
c5xsKMxpXnc_7,-3
c5xsKMxpXnc_8,-1
c5xsKMxpXnc_9,-1
c5xsKMxpXnc_10,-1
c5xsKMxpXnc_11,-1
c5xsKMxpXnc_12,-2
c5xsKMxpXnc_13,-1
c5xsKMxpXnc_14,-2
c5xsKMxpXnc_15,-1
c7UH_rxdZv4_1,-3
c7UH_rxdZv4_2,-3
c7UH_rxdZv4_3,-1
c7UH_rxdZv4_4,2
c7UH_rxdZv4_5,-2
c7UH_rxdZv4_6,-3
c7UH_rxdZv4_7,-3
c7UH_rxdZv4_8,-3
c7UH_rxdZv4_9,0
c7UH_rxdZv4_10,1
c7UH_rxdZv4_11,1
c7UH_rxdZv4_12,-3
c7UH_rxdZv4_13,-3
c7UH_rxdZv4_14,1
c7UH_rxdZv4_15,-2
c7UH_rxdZv4_16,-2
c7UH_rxdZv4_17,-1
c7UH_rxdZv4_18,-2
c7UH_rxdZv4_19,-2
c7UH_rxdZv4_20,-2
c7UH_rxdZv4_21,-1
c7UH_rxdZv4_22,-2
c7UH_rxdZv4_23,-1
c7UH_rxdZv4_24,-2
c7UH_rxdZv4_25,0
c7UH_rxdZv4_26,-3
c7UH_rxdZv4_27,-2
c7UH_rxdZv4_28,-1
c7UH_rxdZv4_29,1
c7UH_rxdZv4_30,1
c7UH_rxdZv4_31,-1
c7UH_rxdZv4_32,-2
c7UH_rxdZv4_33,-2
Ci-AH39fi3Y_1,2
Ci-AH39fi3Y_2,2
Ci-AH39fi3Y_3,0
Ci-AH39fi3Y_4,2
Ci-AH39fi3Y_5,2
Ci-AH39fi3Y_6,2
Ci-AH39fi3Y_7,1
Ci-AH39fi3Y_8,2
Ci-AH39fi3Y_9,2
Ci-AH39fi3Y_10,1
Ci-AH39fi3Y_11,-2
Ci-AH39fi3Y_12,2
Ci-AH39fi3Y_13,-1
Ci-AH39fi3Y_14,0
Ci-AH39fi3Y_15,-1
Ci-AH39fi3Y_16,-2
Ci-AH39fi3Y_17,-3
Ci-AH39fi3Y_18,-1
Ci-AH39fi3Y_19,-1
Ci-AH39fi3Y_20,3
Ci-AH39fi3Y_21,1
Ci-AH39fi3Y_22,0
Ci-AH39fi3Y_23,0
Ci-AH39fi3Y_24,-1
Ci-AH39fi3Y_25,2
Ci-AH39fi3Y_26,-1
Ci-AH39fi3Y_27,-1
Ci-AH39fi3Y_28,0
Ci-AH39fi3Y_29,1
Ci-AH39fi3Y_30,-1
Ci-AH39fi3Y_31,1
Ci-AH39fi3Y_32,2
Ci-AH39fi3Y_33,-2
Ci-AH39fi3Y_34,0
Ci-AH39fi3Y_35,1
Ci-AH39fi3Y_36,-2
Ci-AH39fi3Y_37,3
Ci-AH39fi3Y_38,2
Ci-AH39fi3Y_39,2
Ci-AH39fi3Y_40,-3
Ci-AH39fi3Y_41,-2
Ci-AH39fi3Y_42,-2
Ci-AH39fi3Y_43,2
Ci-AH39fi3Y_44,0
Clx4VXItLTE_1,-1
Clx4VXItLTE_2,1
Clx4VXItLTE_3,0
Clx4VXItLTE_4,-1
Clx4VXItLTE_5,-1
Clx4VXItLTE_6,0
Clx4VXItLTE_7,0
Clx4VXItLTE_8,1
Clx4VXItLTE_9,-1
Clx4VXItLTE_10,0
Clx4VXItLTE_11,-1
Clx4VXItLTE_12,-1
Clx4VXItLTE_13,-1
Clx4VXItLTE_14,2
Clx4VXItLTE_15,-1
Clx4VXItLTE_16,-1
Clx4VXItLTE_17,-1
Clx4VXItLTE_18,0
Clx4VXItLTE_19,1
Clx4VXItLTE_20,1
Clx4VXItLTE_21,0
Clx4VXItLTE_22,1
Clx4VXItLTE_23,2
Clx4VXItLTE_24,1
Clx4VXItLTE_25,1
Clx4VXItLTE_26,1
Clx4VXItLTE_27,1
Clx4VXItLTE_28,0
Clx4VXItLTE_29,-1
Clx4VXItLTE_30,-2
Clx4VXItLTE_31,0
cM3Yna7AavY_1,2
cM3Yna7AavY_2,2
cM3Yna7AavY_3,1
cM3Yna7AavY_4,1
cM3Yna7AavY_5,3
cM3Yna7AavY_6,3
cM3Yna7AavY_7,3
cM3Yna7AavY_8,-1
cM3Yna7AavY_9,0
cM3Yna7AavY_10,2
cM3Yna7AavY_11,2
cM3Yna7AavY_12,-1
cM3Yna7AavY_13,-2
cM3Yna7AavY_14,-3
cM3Yna7AavY_15,-2
cM3Yna7AavY_16,-3
cW1FSBF59ik_1,-3
cW1FSBF59ik_2,3
cW1FSBF59ik_3,-1
cW1FSBF59ik_4,2
cW1FSBF59ik_5,2
cW1FSBF59ik_6,1
cW1FSBF59ik_7,0
cW1FSBF59ik_8,2
cW1FSBF59ik_9,-2
cW1FSBF59ik_10,-1
cW1FSBF59ik_11,-1
cW1FSBF59ik_12,2
cW1FSBF59ik_13,2
cW1FSBF59ik_14,-1
cW1FSBF59ik_15,-3
cW1FSBF59ik_16,3
cW1FSBF59ik_17,2
cW1FSBF59ik_18,3
cW1FSBF59ik_19,0
cW1FSBF59ik_20,2
cW1FSBF59ik_21,2
cW1FSBF59ik_22,-1
cW1FSBF59ik_23,1
cW1FSBF59ik_24,0
cXypl4FnoZo_1,1
cXypl4FnoZo_2,1
cXypl4FnoZo_3,2
cXypl4FnoZo_4,-1
cXypl4FnoZo_5,2
cXypl4FnoZo_6,-1
cXypl4FnoZo_7,-1
cXypl4FnoZo_8,1
cXypl4FnoZo_9,1
cXypl4FnoZo_10,2
cXypl4FnoZo_11,1
cXypl4FnoZo_12,2
cXypl4FnoZo_13,-1
cXypl4FnoZo_14,-1
cXypl4FnoZo_15,0
cXypl4FnoZo_16,-1
cXypl4FnoZo_17,-1
cXypl4FnoZo_18,0
cXypl4FnoZo_19,1
cXypl4FnoZo_20,-1
cXypl4FnoZo_21,-1
cXypl4FnoZo_22,0
cXypl4FnoZo_23,0
cXypl4FnoZo_24,0
cXypl4FnoZo_25,-1
cXypl4FnoZo_26,1
cXypl4FnoZo_27,1
cXypl4FnoZo_28,-2
cXypl4FnoZo_29,-1
d3_k5Xpfmik_1,2
d3_k5Xpfmik_2,0
d3_k5Xpfmik_3,2
d3_k5Xpfmik_4,-1
d3_k5Xpfmik_5,2
d3_k5Xpfmik_6,2
d3_k5Xpfmik_7,0
d3_k5Xpfmik_8,2
d3_k5Xpfmik_9,1
d3_k5Xpfmik_10,0
d3_k5Xpfmik_11,2
d3_k5Xpfmik_12,2
d3_k5Xpfmik_13,2
d3_k5Xpfmik_14,2
d3_k5Xpfmik_15,3
d3_k5Xpfmik_16,2
d3_k5Xpfmik_17,2
d3_k5Xpfmik_18,1
d3_k5Xpfmik_19,0
d6hH302o4v8_1,-3
d6hH302o4v8_2,-2
d6hH302o4v8_3,0
d6hH302o4v8_4,-2
d6hH302o4v8_5,-1
d6hH302o4v8_6,-2
d6hH302o4v8_7,-3
d6hH302o4v8_8,-2
d6hH302o4v8_9,-2
d6hH302o4v8_10,-1
d6hH302o4v8_11,-1
d6hH302o4v8_12,1
d6hH302o4v8_13,-2
d6hH302o4v8_14,-2
d6hH302o4v8_15,-2
d6hH302o4v8_16,-2
d6hH302o4v8_17,-2
d6hH302o4v8_18,-2
d6hH302o4v8_19,-3
d6hH302o4v8_20,1
d6hH302o4v8_21,-2
d6hH302o4v8_22,-1
d6hH302o4v8_23,-3
d6hH302o4v8_24,-3
d6hH302o4v8_25,-2
d6hH302o4v8_26,-3
d6hH302o4v8_27,-3
d6hH302o4v8_28,-1
d6hH302o4v8_29,-2
d6hH302o4v8_30,-3
d6hH302o4v8_31,-1
d6hH302o4v8_32,-1
d6hH302o4v8_33,-3
d6hH302o4v8_34,-3
d6hH302o4v8_35,-2
d6hH302o4v8_36,-2
d6hH302o4v8_37,-2
d6hH302o4v8_38,-3
d6hH302o4v8_39,-3
d6hH302o4v8_40,-1
d6hH302o4v8_41,-2
d6hH302o4v8_42,-1
d6hH302o4v8_43,-2
Dg_0XKD0Mf4_1,-1
Dg_0XKD0Mf4_2,1
Dg_0XKD0Mf4_3,1
Dg_0XKD0Mf4_4,0
Dg_0XKD0Mf4_5,1
Dg_0XKD0Mf4_6,-2
Dg_0XKD0Mf4_7,-2
Dg_0XKD0Mf4_8,0
Dg_0XKD0Mf4_9,-2
Dg_0XKD0Mf4_10,-2
Dg_0XKD0Mf4_11,2
Dg_0XKD0Mf4_12,1
Dg_0XKD0Mf4_13,-1
Dg_0XKD0Mf4_14,-1
Dg_0XKD0Mf4_15,1
Dg_0XKD0Mf4_16,1
Dg_0XKD0Mf4_17,0
Dg_0XKD0Mf4_18,1
dq3Nf_lMPnE_1,0
dq3Nf_lMPnE_2,-1
dq3Nf_lMPnE_3,-1
dq3Nf_lMPnE_4,0
dq3Nf_lMPnE_5,1
dq3Nf_lMPnE_6,1
dq3Nf_lMPnE_7,-2
dq3Nf_lMPnE_8,1
dq3Nf_lMPnE_9,-1
dq3Nf_lMPnE_10,1
dq3Nf_lMPnE_11,-1
dq3Nf_lMPnE_12,-2
dq3Nf_lMPnE_13,-1
dq3Nf_lMPnE_14,-2
dq3Nf_lMPnE_15,1
etzxEpPuc6I_1,0
etzxEpPuc6I_2,1
etzxEpPuc6I_3,-2
etzxEpPuc6I_4,1
etzxEpPuc6I_5,0
etzxEpPuc6I_6,0
etzxEpPuc6I_7,-1
etzxEpPuc6I_8,-1
etzxEpPuc6I_9,-3
etzxEpPuc6I_10,-1
etzxEpPuc6I_11,-2
etzxEpPuc6I_12,1
etzxEpPuc6I_13,-2
etzxEpPuc6I_14,-1
etzxEpPuc6I_15,0
etzxEpPuc6I_16,-2
etzxEpPuc6I_17,0
etzxEpPuc6I_18,1
etzxEpPuc6I_19,0
f_pcplsH_V0_1,0
f_pcplsH_V0_2,1
f_pcplsH_V0_3,1
f_pcplsH_V0_4,0
f_pcplsH_V0_5,1
f_pcplsH_V0_6,2
f_pcplsH_V0_7,0
f_pcplsH_V0_8,1
f_pcplsH_V0_9,-2
f_pcplsH_V0_10,1
f_pcplsH_V0_11,0
f_pcplsH_V0_12,-1
f_pcplsH_V0_13,2
f_pcplsH_V0_14,-1
f_pcplsH_V0_15,-1
f9O3YtZ2VfI_1,-1
f9O3YtZ2VfI_2,1
f9O3YtZ2VfI_3,1
f9O3YtZ2VfI_4,-2
f9O3YtZ2VfI_5,-2
f9O3YtZ2VfI_6,-3
f9O3YtZ2VfI_7,-1
f9O3YtZ2VfI_8,-2
f9O3YtZ2VfI_9,-2
f9O3YtZ2VfI_10,-2
f9O3YtZ2VfI_11,-1
f9O3YtZ2VfI_12,-2
f9O3YtZ2VfI_13,-2
f9O3YtZ2VfI_14,1
f9O3YtZ2VfI_15,-1
f9O3YtZ2VfI_16,-1
f9O3YtZ2VfI_17,-2
f9O3YtZ2VfI_18,-1
f9O3YtZ2VfI_19,-1
f9O3YtZ2VfI_20,0
f9O3YtZ2VfI_21,2
f9O3YtZ2VfI_22,1
f9O3YtZ2VfI_23,2
f9O3YtZ2VfI_24,-3
f9O3YtZ2VfI_25,-1
f9O3YtZ2VfI_26,1
f9O3YtZ2VfI_27,2
f9O3YtZ2VfI_28,1
f9O3YtZ2VfI_29,-2
f9O3YtZ2VfI_30,-1
fvVhgmXxadc_1,0
fvVhgmXxadc_2,-3
fvVhgmXxadc_3,-2
fvVhgmXxadc_4,-3
fvVhgmXxadc_5,0
fvVhgmXxadc_6,0
fvVhgmXxadc_7,-1
fvVhgmXxadc_8,0
fvVhgmXxadc_9,0
fvVhgmXxadc_10,0
fvVhgmXxadc_11,0
fvVhgmXxadc_12,0
fvVhgmXxadc_13,0
fvVhgmXxadc_14,0
G6GlGvlkxAQ_1,3
G6GlGvlkxAQ_2,1
G6GlGvlkxAQ_3,1
G6GlGvlkxAQ_4,1
G6GlGvlkxAQ_5,2
G6GlGvlkxAQ_6,3
G6GlGvlkxAQ_7,2
G6GlGvlkxAQ_8,0
G6GlGvlkxAQ_9,1
G6GlGvlkxAQ_10,2
G6GlGvlkxAQ_11,2
G6GlGvlkxAQ_12,-1
G6GlGvlkxAQ_13,0
G6GlGvlkxAQ_14,0
G6GlGvlkxAQ_15,-1
G6GlGvlkxAQ_16,0
G6GlGvlkxAQ_17,-1
G6GlGvlkxAQ_18,-1
G6GlGvlkxAQ_19,0
G6GlGvlkxAQ_20,0
G6GlGvlkxAQ_21,0
G6GlGvlkxAQ_22,1
G6GlGvlkxAQ_23,-1
G6GlGvlkxAQ_24,2
G6GlGvlkxAQ_25,2
G6GlGvlkxAQ_26,0
G6GlGvlkxAQ_27,0
G6GlGvlkxAQ_28,0
G6GlGvlkxAQ_29,2
GWuJjcEuzt8_1,2
GWuJjcEuzt8_2,1
GWuJjcEuzt8_3,2
GWuJjcEuzt8_4,0
GWuJjcEuzt8_5,-2
GWuJjcEuzt8_6,-1
GWuJjcEuzt8_7,1
GWuJjcEuzt8_8,-1
GWuJjcEuzt8_9,2
GWuJjcEuzt8_10,2
GWuJjcEuzt8_11,1
GWuJjcEuzt8_12,1
GWuJjcEuzt8_13,2
GWuJjcEuzt8_14,1
GWuJjcEuzt8_15,1
GWuJjcEuzt8_16,0
GWuJjcEuzt8_17,0
GWuJjcEuzt8_18,0
G-xst2euQUc_1,2
G-xst2euQUc_2,0
G-xst2euQUc_3,-1
G-xst2euQUc_4,-2
G-xst2euQUc_5,2
G-xst2euQUc_6,2
G-xst2euQUc_7,2
G-xst2euQUc_8,2
G-xst2euQUc_9,2
G-xst2euQUc_10,1
G-xst2euQUc_11,-1
G-xst2euQUc_12,2
G-xst2euQUc_13,2
G-xst2euQUc_14,-1
G-xst2euQUc_15,1
G-xst2euQUc_16,0
G-xst2euQUc_17,0
G-xst2euQUc_18,0
G-xst2euQUc_19,1
G-xst2euQUc_20,2
G-xst2euQUc_21,1
HEsqda8_d0Q_1,3
HEsqda8_d0Q_2,2
HEsqda8_d0Q_3,2
HEsqda8_d0Q_4,0
HEsqda8_d0Q_5,-1
HEsqda8_d0Q_6,2
HEsqda8_d0Q_7,2
HEsqda8_d0Q_8,1
HEsqda8_d0Q_9,1
HEsqda8_d0Q_10,0
HEsqda8_d0Q_11,3
HEsqda8_d0Q_12,0
HEsqda8_d0Q_13,-1
HEsqda8_d0Q_14,3
HEsqda8_d0Q_15,1
HEsqda8_d0Q_16,2
HEsqda8_d0Q_17,-1
HEsqda8_d0Q_18,-2
HEsqda8_d0Q_19,0
HEsqda8_d0Q_20,3
HEsqda8_d0Q_21,1
HEsqda8_d0Q_22,0
HEsqda8_d0Q_23,0
HEsqda8_d0Q_24,2
HEsqda8_d0Q_25,2
HEsqda8_d0Q_26,0
HEsqda8_d0Q_27,0
HEsqda8_d0Q_28,2
HEsqda8_d0Q_29,0
HEsqda8_d0Q_30,2
HEsqda8_d0Q_31,2
HEsqda8_d0Q_32,1
HEsqda8_d0Q_33,0
HEsqda8_d0Q_34,-2
I5y0__X72p0_1,1
I5y0__X72p0_2,-1
I5y0__X72p0_3,-2
I5y0__X72p0_4,0
I5y0__X72p0_5,1
I5y0__X72p0_6,2
I5y0__X72p0_7,-1
I5y0__X72p0_8,0
I5y0__X72p0_9,2
I5y0__X72p0_10,1
I5y0__X72p0_11,1
I5y0__X72p0_12,-1
I5y0__X72p0_13,0
I5y0__X72p0_14,0
I5y0__X72p0_15,1
I5y0__X72p0_16,-1
I5y0__X72p0_17,-1
I5y0__X72p0_18,2
I5y0__X72p0_19,1
I5y0__X72p0_20,-1
I5y0__X72p0_21,-1
I5y0__X72p0_22,-2
I5y0__X72p0_23,-2
I5y0__X72p0_24,-2
I5y0__X72p0_25,2
I5y0__X72p0_26,-1
I5y0__X72p0_27,-2
I5y0__X72p0_28,1
I5y0__X72p0_29,2
I5y0__X72p0_30,2
I5y0__X72p0_31,2
I5y0__X72p0_32,2
I5y0__X72p0_33,1
I5y0__X72p0_34,1
I5y0__X72p0_35,2
I5y0__X72p0_36,-1
I5y0__X72p0_37,1
I5y0__X72p0_38,0
I5y0__X72p0_39,1
iiK8YX8oH1E_1,-3
iiK8YX8oH1E_2,1
iiK8YX8oH1E_3,-1
iiK8YX8oH1E_4,-2
iiK8YX8oH1E_5,0
iiK8YX8oH1E_6,0
iiK8YX8oH1E_7,-2
iiK8YX8oH1E_8,-1
iiK8YX8oH1E_9,0
iiK8YX8oH1E_10,0
iiK8YX8oH1E_11,1
iiK8YX8oH1E_12,2
iiK8YX8oH1E_13,-2
iiK8YX8oH1E_14,-1
iiK8YX8oH1E_15,1
iiK8YX8oH1E_16,0
iiK8YX8oH1E_17,2
iiK8YX8oH1E_18,-1
Iu2PFX3z_1s_1,2
Iu2PFX3z_1s_2,1
Iu2PFX3z_1s_3,1
Iu2PFX3z_1s_4,0
Iu2PFX3z_1s_5,1
Iu2PFX3z_1s_6,1
Iu2PFX3z_1s_7,2
Iu2PFX3z_1s_8,0
Iu2PFX3z_1s_9,1
Iu2PFX3z_1s_10,2
Iu2PFX3z_1s_11,1
Iu2PFX3z_1s_12,2
Iu2PFX3z_1s_13,0
Iu2PFX3z_1s_14,1
Iu2PFX3z_1s_15,2
Iu2PFX3z_1s_16,1
IumbAb8q2dM_1,0
IumbAb8q2dM_2,0
IumbAb8q2dM_3,1
IumbAb8q2dM_4,2
IumbAb8q2dM_5,3
IumbAb8q2dM_6,2
IumbAb8q2dM_7,-1
IumbAb8q2dM_8,3
IumbAb8q2dM_9,2
IumbAb8q2dM_10,0
IumbAb8q2dM_11,-1
IumbAb8q2dM_12,1
IumbAb8q2dM_13,2
IumbAb8q2dM_14,1
IumbAb8q2dM_15,2
IumbAb8q2dM_16,2
IumbAb8q2dM_17,2
IumbAb8q2dM_18,1
IumbAb8q2dM_19,2
IumbAb8q2dM_20,2
IumbAb8q2dM_21,1
IumbAb8q2dM_22,2
Jkswaaud0hk_1,2
Jkswaaud0hk_2,2
Jkswaaud0hk_3,2
Jkswaaud0hk_4,1
Jkswaaud0hk_5,2
Jkswaaud0hk_6,0
Jkswaaud0hk_7,0
Jkswaaud0hk_8,2
Jkswaaud0hk_9,1
Jkswaaud0hk_10,0
Jkswaaud0hk_11,2
Jkswaaud0hk_12,2
Jkswaaud0hk_13,2
Jkswaaud0hk_14,1
Jkswaaud0hk_15,2
Jkswaaud0hk_16,2
Jkswaaud0hk_17,0
Jkswaaud0hk_18,1
Jkswaaud0hk_19,2
Jkswaaud0hk_20,2
jUzDDGyPkXU_1,3
jUzDDGyPkXU_2,3
jUzDDGyPkXU_3,0
jUzDDGyPkXU_4,-2
jUzDDGyPkXU_5,-1
jUzDDGyPkXU_6,-2
jUzDDGyPkXU_7,-1
jUzDDGyPkXU_8,2
jUzDDGyPkXU_9,3
jUzDDGyPkXU_10,2
jUzDDGyPkXU_11,2
jUzDDGyPkXU_12,0
jUzDDGyPkXU_13,-1
jUzDDGyPkXU_14,1
jUzDDGyPkXU_15,1
jUzDDGyPkXU_16,1
jUzDDGyPkXU_17,-3
jUzDDGyPkXU_18,-2
jUzDDGyPkXU_19,2
jUzDDGyPkXU_20,-2
jUzDDGyPkXU_21,-1
jUzDDGyPkXU_22,-2
jUzDDGyPkXU_23,1
jUzDDGyPkXU_24,-1
jUzDDGyPkXU_25,-2
jUzDDGyPkXU_26,-2
jUzDDGyPkXU_27,-2
k5Y_838nuGo_1,-2
k5Y_838nuGo_2,1
k5Y_838nuGo_3,1
k5Y_838nuGo_4,1
k5Y_838nuGo_5,-1
k5Y_838nuGo_6,2
k5Y_838nuGo_7,-2
k5Y_838nuGo_8,-1
k5Y_838nuGo_9,2
k5Y_838nuGo_10,2
k5Y_838nuGo_11,0
k5Y_838nuGo_12,0
k5Y_838nuGo_13,1
k5Y_838nuGo_14,-2
k5Y_838nuGo_15,-1
k5Y_838nuGo_16,0
k5Y_838nuGo_17,1
k5Y_838nuGo_18,0
k5Y_838nuGo_19,-1
k5Y_838nuGo_20,0
k5Y_838nuGo_21,0
k5Y_838nuGo_22,0
k5Y_838nuGo_23,0
k5Y_838nuGo_24,1
k5Y_838nuGo_25,0
k5Y_838nuGo_26,2
k5Y_838nuGo_27,-1
k5Y_838nuGo_28,2
k5Y_838nuGo_29,-1
k5Y_838nuGo_30,2
k5Y_838nuGo_31,-1
LSi-o-IrDMs_1,1
LSi-o-IrDMs_2,-2
LSi-o-IrDMs_3,0
LSi-o-IrDMs_4,-1
LSi-o-IrDMs_5,0
LSi-o-IrDMs_6,-2
LSi-o-IrDMs_7,0
LSi-o-IrDMs_8,0
LSi-o-IrDMs_9,-1
LSi-o-IrDMs_10,-2
LSi-o-IrDMs_11,1
LSi-o-IrDMs_12,0
LSi-o-IrDMs_13,-2
LSi-o-IrDMs_14,2
LSi-o-IrDMs_15,1
LSi-o-IrDMs_16,1
LSi-o-IrDMs_17,2
LSi-o-IrDMs_18,1
LSi-o-IrDMs_19,2
LSi-o-IrDMs_20,-1
LSi-o-IrDMs_21,3
LSi-o-IrDMs_22,2
LSi-o-IrDMs_23,1
LSi-o-IrDMs_24,2
LSi-o-IrDMs_25,0
LSi-o-IrDMs_26,-1
LSi-o-IrDMs_27,-1
LSi-o-IrDMs_28,-2
LSi-o-IrDMs_29,1
lXPQBPVc5Cw_1,0
lXPQBPVc5Cw_2,-2
lXPQBPVc5Cw_3,-2
lXPQBPVc5Cw_4,-1
lXPQBPVc5Cw_5,-1
lXPQBPVc5Cw_6,-1
lXPQBPVc5Cw_7,-3
lXPQBPVc5Cw_8,3
lXPQBPVc5Cw_9,-3
lXPQBPVc5Cw_10,-2
lXPQBPVc5Cw_11,-2
lXPQBPVc5Cw_12,-2
lXPQBPVc5Cw_13,3
lXPQBPVc5Cw_14,-2
lXPQBPVc5Cw_15,-3
lXPQBPVc5Cw_16,0
lXPQBPVc5Cw_17,-2
lXPQBPVc5Cw_18,-1
lXPQBPVc5Cw_19,-2
lXPQBPVc5Cw_20,-2
lXPQBPVc5Cw_21,2
lXPQBPVc5Cw_22,3
lXPQBPVc5Cw_23,-2
lXPQBPVc5Cw_24,-1
lXPQBPVc5Cw_25,-2
lXPQBPVc5Cw_26,-3
lXPQBPVc5Cw_27,-3
lXPQBPVc5Cw_28,1
lXPQBPVc5Cw_29,-1
lXPQBPVc5Cw_30,-2
MLal-t_vJPM_1,-1
MLal-t_vJPM_2,2
MLal-t_vJPM_3,2
MLal-t_vJPM_4,2
MLal-t_vJPM_5,2
MLal-t_vJPM_6,3
MLal-t_vJPM_7,2
MLal-t_vJPM_8,3
MLal-t_vJPM_9,2
MLal-t_vJPM_10,-2
MLal-t_vJPM_11,-3
MLal-t_vJPM_12,-2
MLal-t_vJPM_13,1
MLal-t_vJPM_14,-1
MLal-t_vJPM_15,-1
MLal-t_vJPM_16,-2
MLal-t_vJPM_17,-1
MLal-t_vJPM_18,0
nbWiPyCm4g0_1,1
nbWiPyCm4g0_2,-2
nbWiPyCm4g0_3,-2
nbWiPyCm4g0_4,-2
nbWiPyCm4g0_5,-1
nbWiPyCm4g0_6,0
nbWiPyCm4g0_7,-1
nbWiPyCm4g0_8,-2
nbWiPyCm4g0_9,-1
nbWiPyCm4g0_10,1
Njd1F0vZSm4_1,1
Njd1F0vZSm4_2,3
Njd1F0vZSm4_3,2
Njd1F0vZSm4_4,2
Njd1F0vZSm4_5,0
Njd1F0vZSm4_6,2
Njd1F0vZSm4_7,-1
Njd1F0vZSm4_8,-2
Njd1F0vZSm4_9,-2
Njd1F0vZSm4_10,-1
Njd1F0vZSm4_11,-2
Njd1F0vZSm4_12,-2
Njd1F0vZSm4_13,0
nzpVDcQ0ywM_1,0
nzpVDcQ0ywM_2,-2
nzpVDcQ0ywM_3,1
nzpVDcQ0ywM_4,-2
nzpVDcQ0ywM_5,0
nzpVDcQ0ywM_6,-1
nzpVDcQ0ywM_7,-1
nzpVDcQ0ywM_8,2
nzpVDcQ0ywM_9,-2
nzpVDcQ0ywM_10,-1
nzpVDcQ0ywM_11,0
nzpVDcQ0ywM_12,-1
nzpVDcQ0ywM_13,-1
nzpVDcQ0ywM_14,0
nzpVDcQ0ywM_15,-1
nzpVDcQ0ywM_16,1
nzpVDcQ0ywM_17,2
nzpVDcQ0ywM_18,1
nzpVDcQ0ywM_19,-2
nzpVDcQ0ywM_20,0
nzpVDcQ0ywM_21,-1
nzpVDcQ0ywM_22,2
nzpVDcQ0ywM_23,2
nzpVDcQ0ywM_24,2
Nzq88NnDkEk_1,0
Nzq88NnDkEk_2,-3
Nzq88NnDkEk_3,0
Nzq88NnDkEk_4,-1
Nzq88NnDkEk_5,0
Nzq88NnDkEk_6,2
Nzq88NnDkEk_7,2
Nzq88NnDkEk_8,-1
Nzq88NnDkEk_9,-3
Nzq88NnDkEk_10,-1
Nzq88NnDkEk_11,-2
Nzq88NnDkEk_12,-2
Nzq88NnDkEk_13,-2
Nzq88NnDkEk_14,-1
Nzq88NnDkEk_15,-1
Nzq88NnDkEk_16,-2
Nzq88NnDkEk_17,-2
Nzq88NnDkEk_18,-1
Nzq88NnDkEk_19,-2
Nzq88NnDkEk_20,-2
Nzq88NnDkEk_21,-1
Nzq88NnDkEk_22,0
Nzq88NnDkEk_23,-2
Nzq88NnDkEk_24,-1
Nzq88NnDkEk_25,-3
Nzq88NnDkEk_26,-3
Nzq88NnDkEk_27,-2
Nzq88NnDkEk_28,0
Nzq88NnDkEk_29,1
Nzq88NnDkEk_30,-3
Nzq88NnDkEk_31,2
Nzq88NnDkEk_32,2
OQvJTdtJ2H4_1,-1
OQvJTdtJ2H4_2,-1
OQvJTdtJ2H4_3,-2
OQvJTdtJ2H4_4,-2
OQvJTdtJ2H4_5,-1
OQvJTdtJ2H4_6,-1
OQvJTdtJ2H4_7,-2
OQvJTdtJ2H4_8,-1
OQvJTdtJ2H4_9,-2
OQvJTdtJ2H4_10,-2
OQvJTdtJ2H4_11,-2
OQvJTdtJ2H4_12,-1
OQvJTdtJ2H4_13,1
OQvJTdtJ2H4_14,0
OQvJTdtJ2H4_15,0
OQvJTdtJ2H4_16,-1
OtBXNcAL_lE_1,0
OtBXNcAL_lE_2,-3
OtBXNcAL_lE_3,-1
OtBXNcAL_lE_4,-2
OtBXNcAL_lE_5,-3
OtBXNcAL_lE_6,0
OtBXNcAL_lE_7,-2
OtBXNcAL_lE_8,0
OtBXNcAL_lE_9,1
OtBXNcAL_lE_10,0
OtBXNcAL_lE_11,0
OtBXNcAL_lE_12,-2
OtBXNcAL_lE_13,-2
OtBXNcAL_lE_14,-1
OtBXNcAL_lE_15,0
OtBXNcAL_lE_16,-1
OtBXNcAL_lE_17,-1
OtBXNcAL_lE_18,-1
OtBXNcAL_lE_19,-2
OtBXNcAL_lE_20,-2
OtBXNcAL_lE_21,-2
OtBXNcAL_lE_22,-2
OtBXNcAL_lE_23,0
OtBXNcAL_lE_24,-2
Oz06ZWiO20M_1,1
Oz06ZWiO20M_2,-2
Oz06ZWiO20M_3,0
Oz06ZWiO20M_4,2
Oz06ZWiO20M_5,0
Oz06ZWiO20M_6,-1
Oz06ZWiO20M_7,-2
Oz06ZWiO20M_8,0
Oz06ZWiO20M_9,0
Oz06ZWiO20M_10,0
Oz06ZWiO20M_11,-2
Oz06ZWiO20M_12,-1
Oz06ZWiO20M_13,1
Oz06ZWiO20M_14,1
Oz06ZWiO20M_15,0
Oz06ZWiO20M_16,0
Oz06ZWiO20M_17,1
Oz06ZWiO20M_18,1
Oz06ZWiO20M_19,0
Oz06ZWiO20M_20,1
Oz06ZWiO20M_21,0
Oz06ZWiO20M_22,-2
Oz06ZWiO20M_23,-2
Oz06ZWiO20M_24,1
Oz06ZWiO20M_25,2
ob23OKe5a9Q_1,1
ob23OKe5a9Q_2,1
ob23OKe5a9Q_3,-1
ob23OKe5a9Q_4,-2
ob23OKe5a9Q_5,-2
ob23OKe5a9Q_6,0
ob23OKe5a9Q_7,1
ob23OKe5a9Q_8,1
ob23OKe5a9Q_9,-1
ob23OKe5a9Q_10,1
ob23OKe5a9Q_11,1
ob23OKe5a9Q_12,3
ob23OKe5a9Q_13,1
ob23OKe5a9Q_14,1
phBUpBr1hSo_1,1
phBUpBr1hSo_2,2
phBUpBr1hSo_3,3
phBUpBr1hSo_4,-1
phBUpBr1hSo_5,-1
phBUpBr1hSo_6,2
phBUpBr1hSo_7,-1
phBUpBr1hSo_8,-2
phBUpBr1hSo_9,-2
phBUpBr1hSo_10,-1
phBUpBr1hSo_11,2
phBUpBr1hSo_12,2
phBUpBr1hSo_13,1
phBUpBr1hSo_14,-1
phBUpBr1hSo_15,-2
phBUpBr1hSo_16,-2
phBUpBr1hSo_17,2
phBUpBr1hSo_18,1
phBUpBr1hSo_19,2
phBUpBr1hSo_20,-1
phBUpBr1hSo_21,1
pLTX3ipuDJI_1,-2
pLTX3ipuDJI_2,-2
pLTX3ipuDJI_3,-1
pLTX3ipuDJI_4,-2
pLTX3ipuDJI_5,-2
pLTX3ipuDJI_6,-1
pLTX3ipuDJI_7,1
pLTX3ipuDJI_8,-2
pLTX3ipuDJI_9,0
pLTX3ipuDJI_10,-2
pLTX3ipuDJI_11,1
pLTX3ipuDJI_12,-2
pLTX3ipuDJI_13,-1
pLTX3ipuDJI_14,-2
pLTX3ipuDJI_15,-1
pLTX3ipuDJI_16,-2
POKffnXeBds_1,0
POKffnXeBds_2,0
POKffnXeBds_3,-1
POKffnXeBds_4,-2
POKffnXeBds_5,-2
POKffnXeBds_6,-2
POKffnXeBds_7,-1
POKffnXeBds_8,-2
POKffnXeBds_9,-2
POKffnXeBds_10,-2
POKffnXeBds_11,-3
POKffnXeBds_12,-2
POKffnXeBds_13,-3
PZ-lDQFboO8_1,-1
PZ-lDQFboO8_2,-2
PZ-lDQFboO8_3,-2
PZ-lDQFboO8_4,-1
PZ-lDQFboO8_5,1
PZ-lDQFboO8_6,-2
PZ-lDQFboO8_7,-2
PZ-lDQFboO8_8,-1
PZ-lDQFboO8_9,-2
PZ-lDQFboO8_10,2
PZ-lDQFboO8_11,0
PZ-lDQFboO8_12,-2
QN9ZIUWUXsY_1,0
QN9ZIUWUXsY_2,-2
QN9ZIUWUXsY_3,1
QN9ZIUWUXsY_4,-2
QN9ZIUWUXsY_5,3
QN9ZIUWUXsY_6,1
QN9ZIUWUXsY_7,-1
QN9ZIUWUXsY_8,-1
QN9ZIUWUXsY_9,-2
QN9ZIUWUXsY_10,1
QN9ZIUWUXsY_11,-1
QN9ZIUWUXsY_12,-1
QN9ZIUWUXsY_13,2
QN9ZIUWUXsY_14,3
QN9ZIUWUXsY_15,2
QN9ZIUWUXsY_16,2
QN9ZIUWUXsY_17,-1
QN9ZIUWUXsY_18,-2
Qr1Ca94K55A_1,3
Qr1Ca94K55A_2,-2
Qr1Ca94K55A_3,-2
Qr1Ca94K55A_4,1
Qr1Ca94K55A_5,-2
Qr1Ca94K55A_6,2
Qr1Ca94K55A_7,-1
Qr1Ca94K55A_8,2
Qr1Ca94K55A_9,2
Qr1Ca94K55A_10,-2
Qr1Ca94K55A_11,2
Qr1Ca94K55A_12,-2
Qr1Ca94K55A_13,-2
Qr1Ca94K55A_14,3
rnaNMUZpvvg_1,-3
rnaNMUZpvvg_2,2
rnaNMUZpvvg_3,-1
rnaNMUZpvvg_4,-2
rnaNMUZpvvg_5,-3
rnaNMUZpvvg_6,-3
rnaNMUZpvvg_7,0
rnaNMUZpvvg_8,-2
rnaNMUZpvvg_9,-1
rnaNMUZpvvg_10,-3
rnaNMUZpvvg_11,-3
rnaNMUZpvvg_12,-1
rnaNMUZpvvg_13,-2
rnaNMUZpvvg_14,-3
rnaNMUZpvvg_15,-2
rnaNMUZpvvg_16,-2
rnaNMUZpvvg_17,-2
rnaNMUZpvvg_18,-2
rnaNMUZpvvg_19,-1
rnaNMUZpvvg_20,1
rnaNMUZpvvg_21,-3
rnaNMUZpvvg_22,-2
Sqr0AcuoNnk_1,-1
Sqr0AcuoNnk_2,-2
Sqr0AcuoNnk_3,1
Sqr0AcuoNnk_4,-2
Sqr0AcuoNnk_5,-2
Sqr0AcuoNnk_6,-1
Sqr0AcuoNnk_7,1
Sqr0AcuoNnk_8,1
Sqr0AcuoNnk_9,2
Sqr0AcuoNnk_10,0
Sqr0AcuoNnk_11,-1
Sqr0AcuoNnk_12,2
Sqr0AcuoNnk_13,3
Sqr0AcuoNnk_14,1
Sqr0AcuoNnk_15,2
Sqr0AcuoNnk_16,2
Sqr0AcuoNnk_17,0
Sqr0AcuoNnk_18,0
Sqr0AcuoNnk_19,-1
Sqr0AcuoNnk_20,0
Sqr0AcuoNnk_21,-2
Sqr0AcuoNnk_22,-1
tIrG4oNLFzE_1,3
tIrG4oNLFzE_2,2
tIrG4oNLFzE_3,3
tIrG4oNLFzE_4,1
tIrG4oNLFzE_5,0
tIrG4oNLFzE_6,1
tIrG4oNLFzE_7,-1
tIrG4oNLFzE_8,-1
tIrG4oNLFzE_9,-1
tIrG4oNLFzE_10,-2
tIrG4oNLFzE_11,-2
tIrG4oNLFzE_12,-3
tIrG4oNLFzE_13,-2
tIrG4oNLFzE_14,-2
tIrG4oNLFzE_15,-2
tIrG4oNLFzE_16,-2
tIrG4oNLFzE_17,0
tIrG4oNLFzE_18,-2
tmZoasNr4rU_1,0
tmZoasNr4rU_2,-2
tmZoasNr4rU_3,-2
tmZoasNr4rU_4,-1
tmZoasNr4rU_5,-1
tmZoasNr4rU_6,-2
tmZoasNr4rU_7,-1
tmZoasNr4rU_8,-2
tmZoasNr4rU_9,-1
tmZoasNr4rU_10,-2
tmZoasNr4rU_11,-1
tmZoasNr4rU_12,-2
tmZoasNr4rU_13,-1
tmZoasNr4rU_14,-2
tmZoasNr4rU_15,0
tmZoasNr4rU_16,-1
tmZoasNr4rU_17,-1
tmZoasNr4rU_18,0
tmZoasNr4rU_19,0
tmZoasNr4rU_20,-1
tStelxIAHjw_1,0
tStelxIAHjw_2,-2
tStelxIAHjw_3,0
tStelxIAHjw_4,-3
tStelxIAHjw_5,-2
tStelxIAHjw_6,2
tStelxIAHjw_7,1
tStelxIAHjw_8,-2
tStelxIAHjw_9,-1
tStelxIAHjw_10,0
tStelxIAHjw_11,-3
tStelxIAHjw_12,-1
tStelxIAHjw_13,-2
tStelxIAHjw_14,-2
tStelxIAHjw_15,0
tStelxIAHjw_16,1
TvyZBvOMOTc_1,0
TvyZBvOMOTc_2,2
TvyZBvOMOTc_3,2
TvyZBvOMOTc_4,1
TvyZBvOMOTc_5,1
TvyZBvOMOTc_6,-1
TvyZBvOMOTc_7,2
TvyZBvOMOTc_8,-2
TvyZBvOMOTc_9,-1
TvyZBvOMOTc_10,0
TvyZBvOMOTc_11,1
TvyZBvOMOTc_12,1
TvyZBvOMOTc_13,2
TvyZBvOMOTc_14,-1
TvyZBvOMOTc_15,2
v0zCBqDeKcE_1,3
v0zCBqDeKcE_2,0
v0zCBqDeKcE_3,1
v0zCBqDeKcE_4,0
v0zCBqDeKcE_5,2
v0zCBqDeKcE_6,1
v0zCBqDeKcE_7,1
v0zCBqDeKcE_8,2
v0zCBqDeKcE_9,2
v0zCBqDeKcE_10,2
v0zCBqDeKcE_11,2
v0zCBqDeKcE_12,0
v0zCBqDeKcE_13,2
v0zCBqDeKcE_14,2
v0zCBqDeKcE_15,2
v0zCBqDeKcE_16,0
VbQk4H8hgr0_1,-2
VbQk4H8hgr0_2,2
VbQk4H8hgr0_3,-1
VbQk4H8hgr0_4,-2
VbQk4H8hgr0_5,-2
VbQk4H8hgr0_6,-2
VbQk4H8hgr0_7,-2
VbQk4H8hgr0_8,0
VbQk4H8hgr0_9,1
VbQk4H8hgr0_10,0
VbQk4H8hgr0_11,-1
VbQk4H8hgr0_12,-2
VbQk4H8hgr0_13,-2
VbQk4H8hgr0_14,-1
VbQk4H8hgr0_15,2
VbQk4H8hgr0_16,-2
VbQk4H8hgr0_17,-2
VbQk4H8hgr0_18,-2
VbQk4H8hgr0_19,-2
VbQk4H8hgr0_20,-2
VbQk4H8hgr0_21,-2
VbQk4H8hgr0_22,-3
VbQk4H8hgr0_23,-3
VbQk4H8hgr0_24,-3
VbQk4H8hgr0_25,-2
VbQk4H8hgr0_26,-2
VbQk4H8hgr0_27,-2
VbQk4H8hgr0_28,-2
VbQk4H8hgr0_29,0
VbQk4H8hgr0_30,0
VbQk4H8hgr0_31,-1
VbQk4H8hgr0_32,-3
VbQk4H8hgr0_33,0
VbQk4H8hgr0_34,0
VbQk4H8hgr0_35,-2
VbQk4H8hgr0_36,-1
VbQk4H8hgr0_37,-2
VbQk4H8hgr0_38,0
VbQk4H8hgr0_39,-2
VbQk4H8hgr0_40,-1
VbQk4H8hgr0_41,-3
VbQk4H8hgr0_42,-2
VbQk4H8hgr0_43,-2
VbQk4H8hgr0_44,-2
VbQk4H8hgr0_45,-2
VbQk4H8hgr0_46,-2
VbQk4H8hgr0_47,2
VbQk4H8hgr0_48,-2
VbQk4H8hgr0_49,-2
VbQk4H8hgr0_50,-1
VbQk4H8hgr0_51,-1
VbQk4H8hgr0_52,0
VbQk4H8hgr0_53,-1
VbQk4H8hgr0_54,-2
VbQk4H8hgr0_55,0
VCslbP0mgZI_1,-2
VCslbP0mgZI_2,-1
VCslbP0mgZI_3,0
VCslbP0mgZI_4,-3
VCslbP0mgZI_5,0
VCslbP0mgZI_6,2
VCslbP0mgZI_7,2
VCslbP0mgZI_8,-2
VCslbP0mgZI_9,-2
VCslbP0mgZI_10,-2
VCslbP0mgZI_11,-3
VCslbP0mgZI_12,0
VCslbP0mgZI_13,1
VCslbP0mgZI_14,-2
VCslbP0mgZI_15,0
VCslbP0mgZI_16,-2
VCslbP0mgZI_17,-1
Vj1wYRQjB-o_1,1
Vj1wYRQjB-o_2,2
Vj1wYRQjB-o_3,-1
Vj1wYRQjB-o_4,-1
Vj1wYRQjB-o_5,0
Vj1wYRQjB-o_6,2
Vj1wYRQjB-o_7,2
Vj1wYRQjB-o_8,2
Vj1wYRQjB-o_9,2
vvZ4IcEtiZc_1,2
vvZ4IcEtiZc_2,2
vvZ4IcEtiZc_3,1
vvZ4IcEtiZc_4,2
vvZ4IcEtiZc_5,1
vvZ4IcEtiZc_6,1
vvZ4IcEtiZc_7,1
vvZ4IcEtiZc_8,-2
vvZ4IcEtiZc_9,2
vvZ4IcEtiZc_10,-2
vvZ4IcEtiZc_11,2
vvZ4IcEtiZc_12,0
vyB00TXsimI_1,0
vyB00TXsimI_2,-2
vyB00TXsimI_3,2
vyB00TXsimI_4,2
vyB00TXsimI_5,2
vyB00TXsimI_6,2
vyB00TXsimI_7,2
vyB00TXsimI_8,3
vyB00TXsimI_9,0
vyB00TXsimI_10,1
vyB00TXsimI_11,0
vyB00TXsimI_12,0
vyB00TXsimI_13,2
vyB00TXsimI_14,2
vyB00TXsimI_15,3
vyB00TXsimI_16,0
vyB00TXsimI_17,1
vyB00TXsimI_18,2
vyB00TXsimI_19,1
vyB00TXsimI_20,2
vyB00TXsimI_21,1
vyB00TXsimI_22,1
W8NXH0Djyww_1,3
W8NXH0Djyww_2,0
W8NXH0Djyww_3,2
W8NXH0Djyww_4,1
W8NXH0Djyww_5,-1
W8NXH0Djyww_6,2
W8NXH0Djyww_7,2
W8NXH0Djyww_8,2
W8NXH0Djyww_9,2
W8NXH0Djyww_10,1
W8NXH0Djyww_11,-2
W8NXH0Djyww_12,2
W8NXH0Djyww_13,2
W8NXH0Djyww_14,2
W8NXH0Djyww_15,2
W8NXH0Djyww_16,2
W8NXH0Djyww_17,1
W8NXH0Djyww_18,2
W8NXH0Djyww_19,-1
W8NXH0Djyww_20,-1
W8NXH0Djyww_21,3
W8NXH0Djyww_22,0
W8NXH0Djyww_23,2
W8NXH0Djyww_24,3
W8NXH0Djyww_25,2
W8NXH0Djyww_26,2
W8NXH0Djyww_27,1
W8NXH0Djyww_28,2
W8NXH0Djyww_29,-2
W8NXH0Djyww_30,0
W8NXH0Djyww_31,1
W8NXH0Djyww_32,2
WKA5OygbEKI_1,2
WKA5OygbEKI_2,2
WKA5OygbEKI_3,1
WKA5OygbEKI_4,2
WKA5OygbEKI_5,1
WKA5OygbEKI_6,-1
WKA5OygbEKI_7,2
WKA5OygbEKI_8,0
WKA5OygbEKI_9,1
WKA5OygbEKI_10,0
WKA5OygbEKI_11,-1
WKA5OygbEKI_12,0
WKA5OygbEKI_13,2
WKA5OygbEKI_14,2
WKA5OygbEKI_15,2
WKA5OygbEKI_16,2
WKA5OygbEKI_17,0
WKA5OygbEKI_18,1
WKA5OygbEKI_19,-1
WKA5OygbEKI_20,0
WKA5OygbEKI_21,2
WKA5OygbEKI_22,0
wMbj6ajWbic_1,0
wMbj6ajWbic_2,-1
wMbj6ajWbic_3,0
wMbj6ajWbic_4,1
wMbj6ajWbic_5,0
wMbj6ajWbic_6,2
wMbj6ajWbic_7,-1
wMbj6ajWbic_8,0
wMbj6ajWbic_9,-2
wMbj6ajWbic_10,-2
wMbj6ajWbic_11,0
wMbj6ajWbic_12,2
wMbj6ajWbic_13,2
wMbj6ajWbic_14,-1
wMbj6ajWbic_15,2
wMbj6ajWbic_16,0
wMbj6ajWbic_17,2
wMbj6ajWbic_18,-1
wMbj6ajWbic_19,-1
wMbj6ajWbic_20,0
wMbj6ajWbic_21,2
wMbj6ajWbic_22,1
wMbj6ajWbic_23,2
wMbj6ajWbic_24,1
wMbj6ajWbic_25,2
wMbj6ajWbic_26,2
wMbj6ajWbic_27,0
wMbj6ajWbic_28,2
wMbj6ajWbic_29,2
wMbj6ajWbic_30,1
X3j2zQgwYgE_1,1
X3j2zQgwYgE_2,-2
X3j2zQgwYgE_3,-2
X3j2zQgwYgE_4,0
X3j2zQgwYgE_5,-2
X3j2zQgwYgE_6,0
X3j2zQgwYgE_7,0
X3j2zQgwYgE_8,0
X3j2zQgwYgE_9,-2
X3j2zQgwYgE_10,-1
X3j2zQgwYgE_11,0
yDtzw_Y-7RU_1,1
yDtzw_Y-7RU_2,1
yDtzw_Y-7RU_3,1
yDtzw_Y-7RU_4,-1
yDtzw_Y-7RU_5,0
yDtzw_Y-7RU_6,-1
yDtzw_Y-7RU_7,0
yDtzw_Y-7RU_8,-2
yDtzw_Y-7RU_9,-1
yDtzw_Y-7RU_10,-1
yDtzw_Y-7RU_11,-1
yDtzw_Y-7RU_12,-1
yDtzw_Y-7RU_13,-2
yDtzw_Y-7RU_14,2
yDtzw_Y-7RU_15,1
yDtzw_Y-7RU_16,1
yDtzw_Y-7RU_17,0
yDtzw_Y-7RU_18,-2
yDtzw_Y-7RU_19,-2
yDtzw_Y-7RU_20,-1
yDtzw_Y-7RU_21,0
yDtzw_Y-7RU_22,2
yDtzw_Y-7RU_23,2
yDtzw_Y-7RU_24,-1
yvsjCA6Y5Fc_1,-2
yvsjCA6Y5Fc_2,-1
yvsjCA6Y5Fc_3,-2
yvsjCA6Y5Fc_4,0
yvsjCA6Y5Fc_5,0
yvsjCA6Y5Fc_6,0
yvsjCA6Y5Fc_7,-2
yvsjCA6Y5Fc_8,0
yvsjCA6Y5Fc_9,-1
yvsjCA6Y5Fc_10,-2
yvsjCA6Y5Fc_11,2
yvsjCA6Y5Fc_12,-1
yvsjCA6Y5Fc_13,-2
yvsjCA6Y5Fc_14,-1
yvsjCA6Y5Fc_15,-2
yvsjCA6Y5Fc_16,-2
yvsjCA6Y5Fc_17,-1
yvsjCA6Y5Fc_18,-2
yvsjCA6Y5Fc_19,-2
yvsjCA6Y5Fc_20,1
yvsjCA6Y5Fc_21,-2
yvsjCA6Y5Fc_22,-2
yvsjCA6Y5Fc_23,-1
ZAIRrfG22O0_1,-2
ZAIRrfG22O0_2,-3
ZAIRrfG22O0_3,1
ZAIRrfG22O0_4,-2
ZAIRrfG22O0_5,1
ZAIRrfG22O0_6,1
ZAIRrfG22O0_7,-2
ZAIRrfG22O0_8,-2
ZAIRrfG22O0_9,-2
zhpQhgha_KU_1,-2
zhpQhgha_KU_2,2
zhpQhgha_KU_3,-2
zhpQhgha_KU_4,-2
zhpQhgha_KU_5,-2
zhpQhgha_KU_6,1
zhpQhgha_KU_7,1
zhpQhgha_KU_8,-1
zhpQhgha_KU_9,-1
zhpQhgha_KU_10,1
zhpQhgha_KU_11,-2
zhpQhgha_KU_12,-1
zhpQhgha_KU_13,-1
zhpQhgha_KU_14,-2
zhpQhgha_KU_15,-2
zhpQhgha_KU_16,2
zhpQhgha_KU_17,2
zhpQhgha_KU_18,1
zhpQhgha_KU_19,-1
zhpQhgha_KU_20,-1
zhpQhgha_KU_21,1
zhpQhgha_KU_22,1
zhpQhgha_KU_23,0
zhpQhgha_KU_24,0
zhpQhgha_KU_25,1
zhpQhgha_KU_26,0
zhpQhgha_KU_27,1
zhpQhgha_KU_28,1
zhpQhgha_KU_29,-1
zhpQhgha_KU_30,-2
zhpQhgha_KU_31,-1
zhpQhgha_KU_32,1
zhpQhgha_KU_33,0
zhpQhgha_KU_34,1
zhpQhgha_KU_35,1
ZUXBRvtny7o_1,2
ZUXBRvtny7o_2,-1
ZUXBRvtny7o_3,1
ZUXBRvtny7o_4,2
ZUXBRvtny7o_5,1
ZUXBRvtny7o_6,0
ZUXBRvtny7o_7,2
ZUXBRvtny7o_8,-1
ZUXBRvtny7o_9,1
ZUXBRvtny7o_10,1
ZUXBRvtny7o_11,3
ZUXBRvtny7o_12,2
ZUXBRvtny7o_13,2
ZUXBRvtny7o_14,3
ZUXBRvtny7o_15,1
ZUXBRvtny7o_16,-2
ZUXBRvtny7o_17,2
ZUXBRvtny7o_18,2
ZUXBRvtny7o_19,0
ZUXBRvtny7o_20,0
ZUXBRvtny7o_21,2
ZUXBRvtny7o_22,1
ZUXBRvtny7o_23,1
ZUXBRvtny7o_24,2
ZUXBRvtny7o_25,2
ZUXBRvtny7o_26,2
ZUXBRvtny7o_27,1
ZUXBRvtny7o_28,-1
ZUXBRvtny7o_29,2
ZUXBRvtny7o_30,0
ZUXBRvtny7o_31,1
ZUXBRvtny7o_32,0
ZUXBRvtny7o_33,1
ZUXBRvtny7o_34,2
